Códigos UNSPSC,Descripción,Fecha estimada de inicio de proceso de selección,Duración estimada del contrato en días,Modalidad de selección ,Fuente de los recursos,Valor total estimado,Valor estimado en la vigencia actual,¿Se requieren vigencias futuras?,Estado de solicitud de vigencias futuras,Datos de contacto del responsable
93141500,"PRESTAR SERVICIOS  COMO TECNÓLOGO EN EDUCACIÓN FÍSICA, RECREACIÓN Y DEPORTE PARA LA EJECUCIÓN DEL PROGRAMA DE ACTIVIDADES FÍSICO - RECREATIVAS, CULTURALES Y TERAPÉUTICAS QUE CONTRIBUYAN AL DESARROLLO DEL PROYECTO CENTRO VIDA  PARA LA POBLACIÓN ADULTA MAYOR DE LOS NIVELES I Y II DEL SISBEN UBICADOS EN AL ZONA RURAL Y URBANA DEL MUNICIPIO DE CORINTO.",01/16/2018,330,Contratación Directa ,Recursos Propios,"12,100,000.00","12,100,000.00",NO,N/A,"Secretaría de Salud 
Contacto: 3122703548"
80161500,PRESTACIÓN DE SERVICIOS PARA EJERCER LA COORDINACIÓN DE LAS ACTIVIDADES PLANTEADAS EN EL PROYECTO CENTRO VIDA  PARA LA POBLACIÓN ADULTA MAYOR DE LOS NIVELES I Y II DEL SISBEN DEL MUNICIPIO DE CORINTO,01/16/2018,330,Contratación Directa ,Recursos Propios,"18,865,000.00","18,865,000.00",NO,N/A,"Secretaría de Salud 
Contacto: 3122703548"
80161500,"PRESTACIÓN DE SERVICIOS COMO MANIPULADORA DE ALIMENTOS EN EL CENTRO DE DESARROLLO INFANTIL – CDI - “CRECIENDO CON AMOR”, QUE FUNCIONA COMO SATELITE EN LOS BARRIOS PEDRO LEON Y GUSTAVO MEJIA DE LA CABECERA MUNICIPAL DE CORINTO CAUCA  (6 PERSONAS)",01/16/2018,330,Contratación Directa ,Recursos Propios,"66,000,000.00","66,000,000.00",NO,N/A,"Secretaría de Educación
Contacto: 3156946063"
85101601,PRESTAR SERVICIOS DE AUXILIAR DE ENFERMERÍA COMO APOYO A LAS ACTIVIDADES PLANTEADAS EN EL PROYECTO CENTRO VIDA  PARA LA POBLACIÓN ADULTA MAYOR DE LOS NIVELES I Y II DEL SISBEN DEL MUNICIPIO DE CORINTO (2 PESONAS),01/01/2018,365,Contratación Directa ,Recursos Propios,"26,000,000.00","26,000,000.00",NO,N/A,"Secretaría de Educación
Contacto: 3156946063"
80161500,PRESTAR SERVICIOS COMO AUXILIAR DE TERAPIA FÍSICA PARA APOYAR LAS ACTIVIDADES PLANTEADAS EN EL PROYECTO CENTRO VIDA  PARA LA POBLACIÓN ADULTA MAYOR DE LOS NIVELES I Y II DEL SISBEN DEL MUNICIPIO DE CORINTO. ,01/16/2018,330,Contratación Directa ,Recursos Propios,"12,870,000.00","12,870,000.00",NO,N/A,"Secretaría de Salud 
Contacto: 3122703548"
80161500,"PRESTACIÓN DE SERVICIOS PARA DAR CONTINUIDAD AL PROCESO DE BANDA ESCUELA DE MÚSICA Y BANDA RÍTMICA DE LA CASA DE LA CULTURA COMO UNA ESTRATEGIA PARA EL APROVECHAMIENTO DEL TIEMPO LIBRE DE LOS NIÑOS, NIÑAS Y ADOLESCENTES.",01/01/2018,365,Contratación Directa ,Recursos Propios,"19,000,000.00","19,000,000.00",NO,N/A,"Secretaría de Educación
Contacto: 3156946063"
80161500,"PRESTACIÓN DE SERVICIOS COMO ACOMPAÑAMIENTO Y ASISTENCIA A LA OFICINA ASESORA DE PLANEACION MUNICIPAL DE CORINTO CAUCA, EN LA REALIZACION DE LAS ACTIVIDADES RELACIONADAS CON LA GESTION DEL RIESGO. ",01/01/2018,365,Contratación Directa ,Recursos Propios,"19,200,000.00","19,200,000.00",NO,N/A,"Planeación Municipal 
Contacto: 321-5263304"
80161500,"FORTALECIMIENTO INSTITUCIONAL Y APOYO A LA GESTIÓN DE LA OFICINA ASESORA EN PLANEACIÓN, SECRETARÍA DE OBRAS PÚBLICAS, BANCO DE PROYECTOS Y PROCESO DE CONTRATACIÓN, DEL MUNICIPIO DE CORINTO CAUCA.",01/01/2018,365,Contratación Directa ,Recursos Propios,"33,000,000.00","33,000,000.00",NO,N/A,"Planeación Municipal 
Contacto: 321-5263304"
80161500,"AUNAR ESFUERZOS PARA DESARROLLAR ACTIVIDADES DE FORTALECIMIENTO  CULTURAL Y ARTISTICO A TRAVES DEL FORTALECIMIENTO DE LA ESCUELA DE FORMACIÓN TEATRAL  PARA NIÑOS, NIÑAS, ADOLESCENTES Y JOVENES, EN EL MARCO DEL PROGRAMA “JOVENES, TEATRO Y COMUNIDAD”; ACTUANDO DERECHOS POR LA PAZ.",01/01/2018,365,Contratación Directa ,Recursos Propios,"18,000,000.00","18,000,000.00",NO,N/A,"Secretaría de Educación
Contacto: 3156946063"
80161500,AUNAR ESFUERZOS PARA IMPLEMENTAR UN PROGRAMA DE MEJORAMIENTO DE LA CALIDAD DE VIDA DE LA COMUNIDAD ADULTA MAYOR QUE ES ATENDIDA EN EL CENTRO DE BIENESTAR DEL ADULTO MAYOR Y CENTRO VIDA SAN VICENTE DE PAUL DE CORINTO CAUCA.,01/16/2018,330,Contratación Directa ,Recursos Propios,"109,783,161.00","109,783,161.00",NO,N/A,"Secretaría de Salud 
Contacto: 3122703548"
80161500,COMPRA DE EQUIPOS Y ELEMENTOS TECNOLÓGICOS PARA EL FUNCIONAMIENTO DE LAS DIFERENTES OFICINAS Y DEPENDENCIAS DE LA ALCALDÍA MUNICIPAL DE CORINTO CAUCA.,01/01/2018,365,Contratación Mínima Cuantía,Recursos Propios,"20,000,000.00","20,000,000.00",NO,N/A,"Secretaría de Gobierno 
Contacto: 3165227352"
80161500,"REALIZACIÓN DE JORNADAS DE ACTIVIDAD FÍSICA Y GRUPAL, ORIENTADAS A LAS ATENCIÓN DE NECESIDADES DE BIENESTAR SOCIAL DEL PERSONAL DE LA ALCALDÍA MUNICIPAL DE CORINTO CAUCA.",02/01/2018,365,Contratación Directa ,Recursos Propios,"3,000,000.00","3,000,000.00",NO,N/A,"Secretaría de Gobierno 
Contacto: 3165227352"
80161500,"APOYO A LA SECRETARIA DE SALUD EN LA GESTION ADMINISTRATIVA DE ACOMPAÑAMIENTO, MONITOREO Y SEGUIMIENTO DE LOS PROGRAMAS DE SALUD DEL MUNICIPIO DE CORINTO, DEPARTAMENTO DEL CAUCA, EN EL AÑO 2018.",01/16/2018,330,Contratación Directa ,Recursos Propios,"16,000,000.00","16,000,000.00",NO,N/A,"Secretaría de Salud 
Contacto: 3122703548"
80161500,"AUNAR ESFUERZOS PARA EL RECAUDO DE LA TARIFA CORRESPONDIENTE AL SERVICIO DE ALUMBRADO PÚBLICO DE LOS USUARIOS DEL MUNICIPIO DE CORINTO CAUCA, CON EL FIN DE FACILITAR EL PAGO DE SUS OBLIGACIONES A LOS RESIDENTES DEL TERRITORIO.",02/01/2018,365,Contratación Directa ,SGP,0.00,0.00,NO,N/A,"Secretaría de Hacienda 
Contacto: 3178935976"
80161500,"AUNAR ESFUERZOS PARA LA ATENCIÓN DE LOS SERVICIOS DE INHUMACIÓN DE LA POBLACIÓN MENOS FAVORECIDA Y VULNERABLE DE LA ZONA URBANA DEL MUNICIPIO DE CORINTO CAUCA, PERTENECIENTE A LOS NIVELES 1 Y 2 DEL SISBEN Y PERSONAS FALLECIDAS NO IDENTIFICADAS.",02/01/2018,365,Contratación Directa ,SGP,"15,870,000.00","15,870,000.00",NO,N/A,"Secretaría de Gobierno 
Contacto: 3165227352"
80161500,"PRESTAR SERVICIOS COMO APOYO TÉCNICO AL DESPACHO DEL ALCALDE MUNICIPAL, EN DESARROLLO DE LAS ACTIVIDADES COMUNITARIAS QUE DEBE EJECUTAR EN VIRTUD DE SU CARGO. ",01/01/2018,365,Contratación Directa ,Recursos Propios,"16,200,000.00","16,200,000.00",NO,N/A,"Secretaría de Gobierno 
Contacto: 3165227352"
72141701,ALQUILER DE MAQUINARIA PESADA MOTONIVELADORA PARA REALIZAR ACTIVIDADES DE MANTENIMEINTO VIAL EN EL MUNICIPIO DE CORINTO.,03/01/2018,365,Contratación Mínima Cuantía,Recursos Propios,"20,000,000.00","20,000,000.00",NO,N/A,Secretarío de Obras Públicas Contacto: 311 6721899
80161500  43231500,"PRESTACIÓN DE SERVICIOS PARA SOPORTE, ACTUALIZACIÓN, VALIDACIÓN Y MANTENIMIENTO DE LA BASE DE DATOS Y DEL SOFTWARE PARA LA ADMINISTRACIÓN DEL SISTEMA PREDIAL MUNICIPAL SIPRED, DEL MUNICIPIO DE CORINTO (CAUCA).",02/01/2018,365,Contratación Directa ,Recursos Propios,"7,000,000.00","7,000,000.00",NO,N/A,"Secretaría de Hacienda 
Contacto: 3178935976"
80161500,PRESTACIÓN DE SERVICIOS PARA DESARROLLAR ACTIVIDADES DE FORTALECIMIENTO  CULTURAL Y ARTISTICO A TRAVES DE LA ESCUELA DE FORMACIÓN MUSICAL PARA NIÑOS Y NIÑAS DE LAS INSTITUCIONES EDUCTIVAS NUCLEO TECNICO AGROPECUARIO E INCODELCA ADSCRITAS A LA CASA DE CULTURA DEL MUNICIPIO DE CORINTO CAUCA.,02/01/2018,365,Contratación Directa ,Recursos Propios,"5,000,000.00","5,000,000.00",NO,N/A,"Secretaría de Educación
Contacto: 3156946063"
76111503,REALIZAR ACTIVIDADES DE MANTENIMIENTO DE LA INFRAESTRUTURA DEL SERVICIO DE ALUMBRADO PÚBLICO DE LA CABECERA MUNICIPAL DE CORINTO CAUCA.,02/01/2018,365,Contratación Directa ,Recursos Propios,"14,000,000.00","14,000,000.00",NO,N/A,Secretarío de Obras Públicas Contacto: 311 6721899
77111500,REALIZAR ACTIVIDADES DE EDUCACIÓN AMBIENTAL DIRIGIDAS A LA CONSERVACIÓN Y BUEN MANEJO DE LAS FUENTES HÍDRICAS Y RECURSOS NATURALES DEL MUNICIPIO DE CORINTO CAUCA.,02/01/2018,365,Contratación Directa ,Recursos Propios,"19,304,740.00","19,304,740.00",NO,N/A,"Planeación Municipal 
Contacto: 321-5263304"
80161500,SERVICIO DE DIVULGACION DE INFORMACIÓN DE PROYECTOS COMUNITARIOS PARA CONSOLIDAR PROCESOS DE PARTICIPACIÓN CIUDADANA EN EL MUNICIPIO DE BOLIVAR CAUCA.,02/01/2018,365,Contratación Directa ,Recursos Propios,"9,000,000.00","9,000,000.00",NO,N/A,"Secretaría de Gobierno 
Contacto: 3165227352"
80161500,"EJECUCIÓN  DEL  PLAN  DE  INTERVENCIONES  COLECTIVAS  -  PIC  - PROCEDIMIENTOS Y ACTIVIDADES DIRIGIDAS A PROMOVER LA SALUD Y CALIDAD DE VIDA, LA   PREVENCIÓN   Y   CONTROL   DE   LOS   RIESGOS   Y   DAÑOS   EN   SALUD.",01/16/2018,330,Contratación Directa ,SGP,"133,205,000.00","133,205,000.00",NO,N/A,"Secretaría de Salud 
Contacto: 3122703548"
80161500,AUNAR ESFUERZOS PARA EL MEJORAMIENTO DE LAS CONDICIONES DE SALUD DE LA POBLACIÓN DEL MUNICIPIO DE CORINTO MEDIANTE EL DESARROLLO DE ACCIONES DE PROMOCIÓN DE LA SALUD Y CALIDAD DE VIDA Y ACCIONES DE PREVENCIÓN DE LOS RIESGOS EN SALUD CON UN ENFOQUE ETNOCULTURAL.,01/16/2018,330,Contratación Directa ,SGP,"47,995,000.00","47,995,000.00",NO,N/A,"Secretaría de Salud 
Contacto: 3122703548"
80161500,"AUNAR ESFUERZOS PARAE EL DESARROLLO DE ACTIVIDADES DE FORTALECIMIENTO  CULTURAL, ARTISTICO Y OFICIOS PINTURA Y DANZA MODERNA, DIRIGIDA A NIÑOS, NIÑAS, ADOSLECENTES, ADULTOS MAYORES Y POBLACION CON NECESIDADES ESPECIALES, EN EL MARCO DEL PROGRAMA “CULTURA PARA TODOS2, PROYECTO  “IMPLEMENTACIÓN DE ESCUELAS DE FORMACIÓN ARTÍSTICA, CULTURAL  DE LA CASA DE LA CULTURA DEL MUNICIPIO DE CORINTO POR LA PAZ DE CORINTO. ",02/01/2018,365,Contratación Directa ,SGP,"29,000,000.00","29,000,000.00",NO,N/A,"Secretaría de Educación
Contacto: 3156946063"
80161500,"FORTALECIMIENTO, APOYO Y CAPACITACIÓN DIRIGIDO A LAS MUJERES LIDEREZAS DE LA ZONA RUAL Y URBANA DEL MUNICIPIO DE CORINTO CAUCA.",02/01/2018,365,Contratación Directa ,Recursos Propios,"6,000,000.00","6,000,000.00",NO,N/A,"Secretaría de Gobierno 
Contacto: 3165227352"
80161500,CONTRATO DE  PRESTACIÓN DE SERVICIOS PARA REALIZAR ACTIVIDADES DE ASEO Y APOYO OPERATIVO PARA LA ATENCIÓN DE LOS ADULTOS MAYORES BENEFICIADOS DEL PROYECTO CENTRO VIDA  DEL MUNICIPIO DE CORINTO.,01/16/2018,330,Contratación Directa ,Recursos Propios,"7,700,000.00","7,700,000.00",NO,N/A,"Secretaría de Salud 
Contacto: 3122703548"
80161500,PRESTAR LOS SERVICIOS PROFESIONALES PARA LA COORDINACIÓN DEL BANCO DE PROYECTOS Y APOYO A LA SECRETARÍA TÉCNICA DEL OCAD MUNICIPAL DE CORINTO CAUCA.,02/01/2018,365,Contratación Directa ,Recursos Propios,"10,800,000.00","10,800,000.00",NO,N/A,"Planeación Municipal 
Contacto: 321-5263304"
80161500,"PRESTAR LOS SERVICIOS COMO APOYO OPERATIVO DE LA OFICINA DE PLANEACION - BANCO DE PROYECTOS, EN LA DIGITACION, MANEJO DE ARCHIVO, RECEPCION, RADICACION Y CHEQUEO DE PROYECTOS.",02/01/2018,365,Contratación Directa ,Recursos Propios,"6,400,000.00","6,400,000.00",NO,N/A,"Planeación Municipal 
Contacto: 321-5263304"
80161500,PRESTAR LOS SERVICIOS DE APOYO TECNICO A LA OFICINA DE PLANEACION MUNICIPAL DE CORINTO CAUCA.,02/01/2018,365,Contratación Directa ,Recursos Propios,"6,800,000.00","6,800,000.00",NO,N/A,"Planeación Municipal 
Contacto: 321-5263304"
80161500,"AUNAR ESFUERZOS PARA SUBSIDIAR A LOS USUARIOS DE LOS ESTRATOS I Y II DE LA VEREDA EL BARRANCO DEL MUNICIPIO DE CORINTO CAUCA EN SERVICIOS PÚBLICOS DOMICILIARIOS DE ACUEDUCTO,  A  TRAVÉS DEL FONDO DE SOLIDARIDAD Y REDISTRIBUCIÓN DEL INGRESO.",02/01/2018,365,Contratación Directa ,Recursos Propios,"600,000,000.00","600,000,000.00",NO,N/A,"Planeación Municipal 
Contacto: 321-5263304"
93131608,"SUMINISTRO DE REFRIGERIOS, ALMUERZOS Y COMIDAS PARA LA FUERZA PUBLICA QUE SE ENCUENTRA ACANTONADA EN EL MUNICIPIO DE CORINTO CAUCA, COMO APOYO A LA SITUACION DE ORDEN PUBLICO.",03/01/2018,365,Contratación Mínima Cuantía,Recursos Propios,"16,000,000.00","16,000,000.00",NO,N/A,"Secretaría de Gobierno 
Contacto: 3165227352"
84131601,"COMPRA DE POLIZA DE SEGURO DE VIDA A FAVOR DEL ALCADE MUNICIPAL, PERSONERO Y CONCEJALES DEL MUNICIPIO DE CORINTO CAUCA.",03/01/2018,365,Contratación Mínima Cuantía,Recursos Propios,"7,000,000.00","7,000,000.00",NO,N/A,"Secretaría de Gobierno 
Contacto: 3165227352"
84131501                 60105400                ,"ADQUISICIÓN DE SEGURO OBLIGATORIO DE DAÑOS CORPORALES CAUSADOS A LAS PERSONAS EN ACCIDENTES DE TRÁNSITO – SOAT Y SEGURO TODO RIESGO, PARA LOS VEHÍCULOS Y MAQUINARIA PROPIEDAD DEL MUNICIPIO DE CORINTO CAUCA.
 
",03/01/2018,365,Contratación Mínima Cuantía,Recursos Propios,"9,000,000.00","9,000,000.00",NO,N/A,"Secretaría de Gobierno 
Contacto: 3165227352"
44103100,"CONTRATAR EL SERVICIO DE FOTOCOPIAS, PLOTEO DE PLANOS, ARGOLLADO Y EMPASTADO PARA EL FUNCIONAMIENTO DE LAS DEPENDENCIAS Y SERVICIO DE PORTES DE CORREO, PARA ENVIÓ DE LOS DOCUMENTOS DE LA ADMINISTRACIÓN, HACIA OTRAS LOCALIDADES Y LO CONCERNIENTE A LA CORRESPONDENCIA QUE DEBE REMITIR EL MUNICIPIO EN CUMPLIMIENTO DE LAS DIFERENTES FUNCIONES ESTABLECIDAS EN LA CONSTITUCIÓN Y LA LEY, REQUERIDOS POR LOS ORGANISMOS DE CONTROL Y VIGILANCIA.",03/01/2018,365,Contratación Mínima Cuantía,Recursos Propios,"15,000,000.00","15,000,000.00",NO,N/A,"Secretaría de Gobierno 
Contacto: 3165227352"
48131502,"SUMINISTRAR CAJAS MORTUORIAS, CON DESTINO A LA POBLACIÓN DE ESCASOS RECURSOS ECONÓMICOS NIVEL 1 Y 2 DEL SISBEN Y PERSONAS NO IDENTIFICADAS POR MEDICINA LEGAL, MUNICIPIO DE CORINTO CAUCA.",03/01/2018,365,Contratación Mínima Cuantía,Recursos Propios,"16,000,000.00","16,000,000.00",NO,N/A,"Secretaría de Gobierno 
Contacto: 3165227352"
50131600  50151500    50161500       50171800     50181900    50221200,"SUMINISTRO DE VIVERES Y UTENSILIOS PARA LA ATENCIÓN A DAMNIFICADOS Y  ACCIONES DE TRABAJO MANCOMUNADOS PARA LA ACTIVIDADES DE PREVENCION, MITIGACIÓN EN LA GESTIÓN DEL RIESGO DEL SECTOR RURAL Y URBANO.",03/01/2018,365,Contratación Mínima Cuantía,Recursos Propios,"18,000,000.00","18,000,000.00",NO,N/A,"Secretaría de Gobierno 
Contacto: 3165227352"
50131600  50151500    50161500       50171800     50181900    50221200,"SUMINISTRO DE VIVERES, CON DESTINO A LOS NUCLEOS FAMILIARES DE LA POBLACIÓN REGISTRADA COMO DESPLAZADOS Y VICTIMAS DEL CONFLICTO ARMADO,  EN EL ÁREA URBANA Y RURAL DEL MUNICIPIO DE CORINTO CAUCA.",03/01/2018,365,Contratación Mínima Cuantía,Recursos Propios,"12,000,000.00","12,000,000.00",NO,N/A,"Secretaría de Gobierno 
Contacto: 3165227352"
95121700,MANTENIMIENTO Y REPARACIONES MENORES DE LA INFRAESTRUCTURA DESTINADA AL FUNCIONAMIENTO DE LA ADMINISTRACIÓN MUNICIPAL EN SUS DIFERENTES DEPENDENCIAS.,03/01/2018,365,Contratación Mínima Cuantía,Recursos Propios,"20,000,000.00","20,000,000.00",NO,N/A,Secretarío de Obras Públicas Contacto: 311 6721899
78181500,"SERVICIO DE LAVADO DE LA MAQUINARIA, VEHÍCULOS Y MOTOCICLETAS QUE CONFORMAN EL PARQUE AUTOMOTOR DEL MUNICIPIO DE CORINTO CAUCA. ",03/01/2018,365,Contratación Mínima Cuantía,Recursos Propios,"5,000,000.00","5,000,000.00",NO,N/A,Secretarío de Obras Públicas Contacto: 311 6721899
78181500,"SERVICIO DE DESMONTE, VULCANIZADA, PARCHES, TACOS, CALIBRACIÓN DE LLANTAS DE LA MAQUINARIA, VEHÍCULOS Y MOTOCICLETAS QUE CONFORMAN EL PARQUE AUTOMOTOR DEL MUNICIPIO DE CORINTO CAUCA. ",03/01/2018,365,Contratación Mínima Cuantía,Recursos Propios,"5,000,000.00","5,000,000.00",NO,N/A,Secretarío de Obras Públicas Contacto: 311 6721899
78181500,"SERVICIO DE REPARACIÓN Y MANTENIMIENTO RUTINARIO PREVENTIVO Y CORRECTIVO DE LA MAQUINARIA, VEHÍCULOS Y MOTOCICLETAS QUE CONFORMAN EL PARQUE AUTOMOTOR DEL MUNICIPIO DE CORINTO CAUCA.",03/01/2018,365,Contratación Mínima Cuantía,Recursos Propios,"20,000,000.00","20,000,000.00",NO,N/A,Secretarío de Obras Públicas Contacto: 311 6721899
78181500,SUMINISTRO DE REPUESTOS PARA TODO EL PARQUE AUTOMOTOR DE LA ADMINISTRACIÓN MUNICIPAL DE CORINTO CAUCA.,03/01/2018,365,Contratación Mínima Cuantía,Recursos Propios,"20,000,000.00","20,000,000.00",NO,N/A,Secretarío de Obras Públicas Contacto: 311 6721899
83121703,SUMINISTRAR  EL  SERVICIO  DE  INTERNET  FIBRA  OPTICA  CON  ESTRUCTURA  VERIFICABLE  (SIMETRICAS  DE  5.0 MEGAS) CON DESTINO A LA INSTITUCIÓN EDUCATIVA JOSÉ MARÍA OBANDO.,03/01/2018,365,Contratación Mínima Cuantía,Recursos Propios,"15,000,000.00","15,000,000.00",NO,N/A,"Secretaría de Educación
Contacto: 3156946063"
49241712,COMPRA DE INSUMOS QUÍMICOS PARA EL MANTENIMIENTO DE LA PISCINA MUNICIPAL.,03/01/2018,365,Contratación Mínima Cuantía,Recursos Propios,"8,000,000.00","8,000,000.00",NO,N/A,"Secretaría de Educación
Contacto: 3156946063"
15101500,"SUMINISTRO Y CAMBIO DE ACEITES, LUBRICANTES Y GRASAS PARA TODO EL PARQUE AUTOMOTOR DE PROPIEDAD DEL MUNICIPIO DE CORINTO CAUCA.",03/01/2018,365,Contratación Mínima Cuantía,Recursos Propios,"20,000,000.00","20,000,000.00",NO,N/A,Secretarío de Obras Públicas Contacto: 311 6721899
25172503,COMPRA DE LLANTAS PARA LA MAQUINARIA DEL MUNICIPIO DE CORINTO CAUCA. ,03/01/2018,365,Contratación Mínima Cuantía,Recursos Propios,"20,000,000.00","20,000,000.00",NO,N/A,Secretarío de Obras Públicas Contacto: 311 6721899
30111600                          30151900                          30103600                               30161500                              30171500,SUMINISTRO DE MATERIALES PARA LA ATENCION A LA POBLACION AFECTADA Y EN RIESGO POR FENOMENOS NATURALES Y ANTROPICOS EN EL MUNICIPIO DE CORINTO CAUCA.,03/01/2018,365,Contratación Mínima Cuantía,Recursos Propios,"30,000,000.00","30,000,000.00",NO,N/A,Secretarío de Obras Públicas Contacto: 311 6721899
72153606    56101700,COMPRA DE BIENES MUEBLES Y EQUIPOS DE OFICINA PARA LA DOTACION DE LAS DEPENDENCIAS DE LA ACALDIA MUNICIPAL. ,03/01/2018,365,Contratación Mínima Cuantía,Recursos Propios,"6,000,000.00","5,200,000.00",NO,N/A,"Planeación Municipal 
Contacto: 321-5263304"
83121703,"SUMINISTRAR  EL  SERVICIO  DE  INTERNET  FIBRA  OPTICA CON DESTINO AL INMUEBLE DONDE FUNCIONAN LAS DEPENDENCIAS DE LA ALCALDÍA MUNICIPAL, CASA DE JUSTICIA Y BIBLIOTECA MUNICIPAL DE CORINTO CAUCA.",03/01/2018,365,Contratación Mínima Cuantía,Recursos Propios,"20,000,000.00","20,000,000.00",NO,N/A,Secretarío de Obras Públicas Contacto: 311 6721899
93131608,CONTRATAR LA LOGÍSTICA Y SERVICIO DE ALIMENTACIÓN PARA LA CELEBRACIÓN DEL DÍA DEL MAESTRO EN EL MUNICIPIO DE CORINTO CAUCA. ,03/01/2018,365,Contratación Mínima Cuantía,Recursos Propios,"10,000,000.00","10,000,000.00",NO,N/A,"Secretaría de Educación
Contacto: 3156946063"
84131601,COMPRA DE POLIZA DE MANEJO SECTOR OFICIAL DEL MUNICIPIO DE CORINTO CAUCA.,03/01/2018,365,Contratación Mínima Cuantía,Recursos Propios,"6,000,000.00","6,000,000.00",NO,N/A,"Secretaría de Gobierno 
Contacto: 3165227352"
95121700,CONSTRUCCIÓN DE AULAS EDUCATIVA EN EL MUNICIPIO DE CORINTO.,03/01/2018,300,Licitación Pública,SGP,"300,000,000.00","300,000,000.00",NO,N/A,Secretarío de Obras Públicas Contacto: 311 6721899
46171610,SUMINISTRO E INSTALACIÓN DE SISTEMA AVANZADO DE SEGURIDAD CCTV PTZ DE ALTA TECNOLOGIA Y SALA DE SIEPS AUTOMATIZADA PARA MONITOREO Y VIGILANCIA DEL MUNICIPIO DE CORINTO CAUCA.,03/01/2018,300,Selección Abreviada,Recursos Propios,"48,000,000.00","48,000,000.00",NO,N/A,"Secretaría de Gobierno 
Contacto: 3165227352"
15101500,"SUMINISTRO DE COMBUSTIBLE TIPO ACPM Y GASOLINA PARA LA MAQUINARIA PROPIEDAD DEL MUNICIPIO, DESTINADA AL  MANTENIMIENTO  RUTINARIO DE LAS VIAS DEL MUNICIPIO DE CORINTO CAUCA.  ",03/01/2018,300,Selección Abreviada,Recursos Propios,"100,000,000.00","99,995,320.00",NO,N/A,"Planeación Municipal 
Contacto: 321-5263304"
15101500,"SUMINISTRO DE COMBUSTIBLE CON DESTINO A LA FUERZA PÚBLICA (EJÉRCITO, POLICÍA Y SIJIN) ACANTONADAS EN EL MUNICIPIO DE CORINTO CAUCA. ",03/01/2018,300,Contratación Mínima Cuantía,Recursos Propios,"20,000,000.00","20,000,000.00",NO,N/A,"Secretaría de Gobierno 
Contacto: 3165227352"
72151603,"ALQUILER DE EQUIPO DE SONIDO, AMPLIFICACION Y ANIMACION PARA CONVOCATORIA Y REALIZACION DE LAS DIFERENTES ACTIVIDADES CULTURALES EN EL MUNICIPIO DE CORINTO CAUCA.",03/01/2018,300,Contratación Mínima Cuantía,Recursos Propios,"6,000,000.00","6,000,000.00",NO,N/A,"Secretaría de Educación
Contacto: 3156946063"
"95121503  76111501
90101700",SUMINISTRO DE ELEMENTOS BASICOS DE CAFETERIA Y ASEO PARA LAS DIFERENTES DEPENDENCIAS DE LA ADMINISTRACION MUNICIPAL. ,03/01/2018,300,Contratación Mínima Cuantía,Recursos Propios,"7,000,000.00","7,000,000.00",NO,N/A,"Secretaría de Hacienda 
Contacto: 3178935976"
39101600                39111800                        39121700                         39131700,COMPRA DE MATERIAL ELÉCTRICO PARA EL MANTENIMIENTO DEL ALUMBRADO PÚBLICO DE LA ZONA URBANA Y RURAL DEL MUNICIPIO DE CORINTO CAUCA.,03/01/2018,300,Contratación Mínima Cuantía,Recursos Propios,"19,000,000.00","18,318,000.00",NO,N/A,"Planeación Municipal 
Contacto: 321-5263304"
47121900,ADQUISICION DE GUADAÑA DESTINADA PARA EL MANTENIMINETO Y MEJORAMIENTO DE LOS ESCENARIOS DEPORTIVOS Y DEMAS BIENES INMUEBLES DEL MUNICIPIO.,03/01/2018,300,Contratación Mínima Cuantía,SGP,"2,000,000.00","1,820,000.00",NO,N/A,"Secretaría de Educación
Contacto: 3156946063"
30111600                          30151900                          30103600                               30161500                              30171500,COMPRA DE MATERIALES DE CONSTRUCCIÓN DESTINADOS PARA LAS INSTITUCIONES EDUCATIVAS DEL MUNICIPIO DE CORINTO CAUCA.,03/01/2018,300,Contratación Mínima Cuantía,SGP,"20,000,000.00","20,000,000.00",NO,N/A,Secretarío de Obras Públicas Contacto: 311 6721899
81101500,ESTUDIO DE SUELOS Y TOPOGRAFÍA PARA PROYECTOS DE INVERSIÓN DEL MUNICIPIO DE CORINTO CAUCA (varios).,03/01/2018,300,Contratación Mínima Cuantía,SGP,"20,000,000.00","20,000,000.00",NO,N/A,Secretarío de Obras Públicas Contacto: 311 6721899
72101504      72121403      42181600  ,COMPRA DE ELEMENTOS DE DOTACIÓN PARA EL FORTALECIMIENTO DEL CENTRO DIA DEL MUNICIPIO DE CORINTO.,01/16/2018,330,Contratación Mínima Cuantía,Recursos Propios,"20,000,000.00","20,000,000.00",NO,N/A,"Secretaría de Salud 
Contacto: 3122703548"
"76111501
90101700",COMPRA DE UTENSILIOS DE ASEO Y OTROS ELEMENTOS NECESARIOS PARA EL ADECUADO FUNCIONAMIENTO DE LA PLANTA DE BENEFICIO DE GANADO BOVINO DEL MUNICIPIO DE CORINTO CAUCA.,03/01/2018,300,Contratación Mínima Cuantía,Recursos Propios,"2,000,000.00","1,672,000.00",NO,N/A,"Planeación Municipal 
Contacto: 321-5263304"
53111600                                                 53101500,COMPRA DE DOTACIÓN LEGAL DE CALZADO Y VESTIDO DE LABOR PARA LOS EMPLEADOS PÚBLICOS Y TRABAJADORES OFICIALES OFICIALES AL MUNICIPIO DE CORINTO CAUCA.  ,03/01/2018,300,Contratación Mínima Cuantía,Recursos Propios,"17,000,000.00","17,000,000.00",NO,N/A,"Secretaría de Gobierno 
Contacto: 3165227352"
25172503,COMPRA LLANTAS PARA LA MAQUINARIA DEL MUNICIPIO DE CORINTO CAUCA.,03/01/2018,300,Contratación Mínima Cuantía,Recursos Propios,"6,000,000.00","6,000,000.00",NO,N/A,Secretarío de Obras Públicas Contacto: 311 6721899
93131608,"SUMINISTRO DE REFRIGERIOS, ALMUERZOS Y COMIDAS PARA LAS DIFERENTES ACTIVIDADES RELALIZADAS POR LA ADMINISTRACION MUNICIPAL.",03/01/2018,300,Contratación Mínima Cuantía,Recursos Propios,"4,000,000.00","4,000,000.00",NO,N/A,"Secretaría de Hacienda 
Contacto: 3178935976"
72141701,ALQUILER DE BULLDOZER PARA LA AMPLIACIÓN DE TRAMO VIAL LAS GUACAS – SANTA ROSA – DESCANSO DEL MUNICIPIO DE CORINTO.,03/01/2018,300,Contratación Mínima Cuantía,Recursos Propios,"20,000,000.00","20,000,000.00",NO,N/A,Secretarío de Obras Públicas Contacto: 311 6721899
60131000,ADQUISICION DE PIEZAS Y ACCESORIOS PARA LOS INSTRUMENTOS MUSICALES DE LA  BANDA SINFONICA PERTENECIENTE A LA CASA DE CULTURA DEL MUNICIPIO DE CORINTO CAUCA.,03/01/2018,300,Contratación Mínima Cuantía,Recursos Propios,"4,000,000.00","4,000,000.00",NO,N/A,"Secretaría de Educación
Contacto: 3156946063"
84131500,ADQUISICIÓN DE SEGURO OBLIGATORIO DE DAÑOS CORPORALES CAUSADOS A LAS PERSONAS EN ACCIDENTES DE TRÁNSITO – SOAT PARA LA VOLQUETA DE PLACAS OVR095 DE PROPIEDAD DEL MUNICIPIO DE CORINTO CAUCA.,03/01/2018,300,Contratación Mínima Cuantía,Recursos Propios,"1,000,000.00","743,660.00",NO,N/A,"Planeación Municipal 
Contacto: 321-5263304"
20102301,CONTRATAR EL SUMINISTRO DEL SERVICIO DE TRANSPORTE PARA LOS DIFERENTES ENCUENTROS Y EVENTOS CULTURALES REALIZADOS EN EL MUNICIPIO DE CORINTO CAUCA Y FUERA DEL MUNICIPIO.  ,03/01/2018,300,Contratación Mínima Cuantía,Recursos Propios,"3,000,000.00","3,000,000.00",NO,N/A,"Secretaría de Educación
Contacto: 3156946063"
84131500,"ADQUISICIÓN DE SEGURO OBLIGATORIO DE DAÑOS CORPORALES CAUSADOS A LAS PERSONAS EN ACCIDENTES DE TRÁNSITO – SOAT Y SEGURO TODO RIESGO, PARA LOS VEHÍCULOS Y MAQUINARIA PROPIEDAD DEL MUNICIPIO DE CORINTO CAUCA.",03/01/2018,300,Contratación Mínima Cuantía,Recursos Propios,"8,000,000.00","8,000,000.00",NO,N/A,"Inspector de Policia 
Contacto: 3216466011"
"14111500
44103100
44121600
44121700
44121800",COMPRA DE PAPELERÍA Y DEMÁS ELEMENTOS  DE OFICINA NECESARIOS  PARA EL FUNCIONAMIENTO Y OPERACIÓN  DE LAS DEPENDENCIAS O  SECRETARÍAS DE LA ADMINISTRACIÓN MUNICIPAL. ,03/01/2018,300,Contratación Mínima Cuantía,Recursos Propios,"10,000,000.00","10,000,000.00",SI,N/A,"Secretaría de Hacienda 
Contacto: 3178935976"
72141701,"ALQUILER DE MAQUINARIA PESADA MOTONIVELADORA PARA REALIZAR ACTIVIDADES DE MANTENIMEINTO VIAL EN EL CORREGIMIENTO DE RIONEGRO, BARRANCO Y JAGUAL DEL MUNICIPIO DE CORINTO.",03/01/2018,300,Contratación Mínima Cuantía,Recursos Propios,"20,000,000.00","20,000,000.00",NO,N/A,Secretarío de Obras Públicas Contacto: 311 6721899
72141701,ALQUILER DE BULLDOZER D5 PARA EXTRAER ROCA MUERTA DE LA CANTERA UBICADA EN LA VEREDA PUEBLO NUEVO PARA REALIZAR MANTENIMIENTO RUTINARIO DE VÍAS.,03/01/2018,300,Contratación Mínima Cuantía,Recursos Propios,"20,000,000.00","20,000,000.00",NO,N/A,Secretarío de Obras Públicas Contacto: 311 6721899
93131608       90101603,REFRIGERIOS PARA EL ENCUENTRO MUNICIPAL DE LOS DIFERENTES GRUPOS DE ADULTO MAYOR DEL MUNICIPIO DE CORINTO.,01/16/2018,330,Contratación Mínima Cuantía,Recursos Propios,"3,000,000.00","3,000,000.00",NO,N/A,"Secretaría de Salud 
Contacto: 3122703548"
95121700,"CONSTRUCCIÓN, MANTENIMIENTO Y  ADECUACIÓN DE INSTITUCIONES EDUCATIVAS",03/01/2018,300,Licitación Pública,SGP,"573,000,000.00","573,000,000.00",NO,N/A,Secretarío de Obras Públicas Contacto: 311 6721899
80161500,"DOTACIÓN DE MOBILIARIO, EQUIPOS Y MATERIAL DIDÁCTICO A INSTITUCIONES EDUCATIVAS",03/01/2018,300,Selección Abreviada,SGP,"45,000,000.00","45,000,000.00",NO,N/A,"Secretaría de Educación
Contacto: 3156946063"
80161500,PAGO DE SERVICIOS PUBLICOS DE INSTITUCIONES EDUCATIVAS,03/01/2018,300,Selección Abreviada,SGP,"143,000,000.00","143,000,000.00",NO,N/A,"Secretaría de Educación
Contacto: 3156946063"
80161500,"MODOS, CONDICIONES Y ESTILOS DE VIDA SALUDABLE",03/01/2018,300,Selección Abreviada,SGP,"47,000,000.00","47,000,000.00",NO,N/A,"Secretaría de Salud 
Contacto: 3122703548"
80161500,PROMOCIÓN DE LA SALUD MENTAL EN LOS HABITANTES DE CORINTO,03/01/2018,300,Selección Abreviada,SGP,"60,000,000.00","60,000,000.00",NO,N/A,"Secretaría de Salud 
Contacto: 3122703548"
80161500,PROMOCIÓN DE LA SALUD SEXUAL Y REPRODUCTIVA,03/01/2018,300,Selección Abreviada,SGP,"52,000,000.00","52,000,000.00",NO,N/A,"Secretaría de Salud 
Contacto: 3122703548"
80161500,IMPLEMENTACIÓN DE ESTRAEGIAS PYP PARA EMFERMEDADES INMUNOPREVENIBLES,03/01/2018,300,Selección Abreviada,SGP,"137,334,000.00","137,334,000.00",NO,N/A,"Secretaría de Salud 
Contacto: 3122703548"
95121700,"CONSTRUCCIÓN, ADECUACIÓN, MANTENIMIENTO DE ESCENARIOS DEPORTIVOS  Y RECREATIVOS ",03/01/2018,300,Selección Abreviada,SGP,"51,357,000.00","51,357,000.00",NO,N/A,Secretarío de Obras Públicas Contacto: 311 6721899
80161500,FORTALECIMIENTO DE EVENTOS Y ORGANIZACIONES DEPORTIVAS EN EL MUNICIPIO DE CORINTO,03/01/2018,300,Selección Abreviada,SGP,"75,459,000.00","75,459,000.00",NO,N/A,"Secretaría de Educación
Contacto: 3156946063"
80161500,FORTALECIMIENTO DE ESPACIOS CULTURALES,03/01/2018,300,Selección Abreviada,SGP,"113,224,000.00","113,224,000.00",NO,N/A,"Secretaría de Educación
Contacto: 3156946063"
80161500,CONVENIO INPEC,03/01/2018,300,Contratación Directa ,SGP,"30,000,000.00","30,000,000.00",NO,N/A,"Secretaría de Gobierno 
Contacto: 3165227352"
80161500,FORTALECIMIENTO A ORGANIZACIONES COMUNITARIAS DEL MUNICIPIO DE CORINTO,03/01/2018,300,Contratación Directa ,SGP,"10,000,000.00","10,000,000.00",NO,N/A,"Secretaría de Gobierno 
Contacto: 3165227352"
80161500,FORTALECIMIENTO DE LA CONVIVENCIA Y SEGURIDAD CIUDADANA ,03/01/2018,300,Selección Abreviada,Recursos Propios,"175,401,000.00","175,401,000.00",NO,N/A,"Secretaría de Gobierno 
Contacto: 3165227352"
80161500,ATENCIÓN INTEGRAL A LA POBLACIÓN VICTIMA Y DESPLAZADA DEL MUNICIPIO,01/01/2018,365,Selección Abreviada,SGP,"60,000,000.00","60,000,000.00",NO,N/A,"Secretaría de Gobierno 
Contacto: 3165227352"
80161500,ATENCIÓN INTEGRAL A LOS NNA DEL MUNICIPIO,01/01/2018,365,Licitación Pública,SGP,"283,295,000.00","283,295,000.00",NO,N/A,"Secretaría de Gobierno 
Contacto: 3165227352"
80161500,ATENCIÓN INTEGRAL A LA MUJER,01/01/2018,365,Selección Abreviada,SGP,"25,000,000.00","25,000,000.00",NO,N/A,"Secretaría de Gobierno 
Contacto: 3165227352"
80161500,ATENCIÓN INTEGRAL AL ADULTO MAYOR,01/01/2018,365,Selección Abreviada,SGP,"152,000,000.00","152,000,000.00",NO,N/A,"Secretaría de Gobierno 
Contacto: 3165227352"
80161500,FORTALECIMIENTO PARA LA ATENCIÓN  A POBLACIÓN EN SITAUCIÓN DE DISCAPACIDAD,03/01/2018,300,Contratación Mínima Cuantía,SGP,"10,000,000.00","10,000,000.00",NO,N/A,"Secretaría de Gobierno 
Contacto: 3165227352"
80161500,FORTALECIMIENTO PARA LA ATENCIÓN  A POBLACIÓN JÓVEN,03/01/2018,300,Contratación Mínima Cuantía,SGP,"15,000,000.00","15,000,000.00",NO,N/A,"Secretaría de Gobierno 
Contacto: 3165227352"
80161500,FORTALECIMIENTO EN LA ATENCIÓN A GRUPOS ÉTNICOS,03/01/2018,300,Contratación Mínima Cuantía,SGP,"10,000,000.00","10,000,000.00",NO,N/A,"Secretaría de Gobierno 
Contacto: 3165227352"
95121700,"CONSTRUCCIÓN , ADECUACIÓN, MEJORAMIENTO Y AMPLIACIÓN DEL SISTEMA DE ACUEDUCTO, ALCANTARILLADO Y ASEO",01/01/2018,365,Licitación Pública,SGP,"1,639,000,000.00","1,639,000,000.00",NO,N/A,Secretarío de Obras Públicas Contacto: 311 6721899
95121700,ADQUISICIÓN Y/O CONSTRUCCIÓN DE VIVIENDA URBANA Y RURAL EN EL MUNICIPIO,03/01/2018,300,Selección Abreviada,SGP,"350,000,000.00","350,000,000.00",NO,N/A,Secretarío de Obras Públicas Contacto: 311 6721899
95121700,"CONSTRUCCIÓN, ADECUACIÓN,MANTENIMIENTO Y MEJORAMIENTO  DE EQUIPAMIENTOS MUNICIPALES",01/01/2018,365,Selección Abreviada,SGP,"141,584,000.00","141,584,000.00",NO,N/A,Secretarío de Obras Públicas Contacto: 311 6721899
80161500,"PROMOCIÓN , PREVENCIÓN  Y ATENCIÓN EN GESTIÓN DEL RIESGO",01/01/2018,365,Selección Abreviada,SGP,"85,000,000.00","85,000,000.00",NO,N/A,Secretarío de Obras Públicas Contacto: 311 6721899
80161500,FORTALECIMIENTO DEL SECTOR AMBIENTAL DEL MUNICIPIO,01/01/2018,365,Selección Abreviada,SGP,"75,840,000.00","75,840,000.00",NO,N/A,"Jefe UMATA  
Contacto: 3128058540"
80161500,CREACIÓN DE UN CENTRO DE INVESTIGACIÓN PARA USO MEDICINAL E INDUSTRIAL DE CANNABIS.,01/01/2018,365,Contratación Mínima Cuantía,SGP,"10,000,000.00","10,000,000.00",NO,N/A,"Jefe UMATA  
Contacto: 3128058540"
80161500,FORTALECIMIENTO DEL SECTOR AGROPECUARIO DEL MUNICIPIO,01/01/2018,365,Selección Abreviada,SGP,"302,802,000.00","302,802,000.00",NO,N/A,"Jefe UMATA  
Contacto: 3128058540"
80161500,"MEJORAMIENTO,  MANTENIMIENTO Y CONSTRUCCIÓN DE LA RED VIAL DEL MUNICIPIO",01/01/2018,365,Selección Abreviada,SGP,"383,000,000.00","383,000,000.00",NO,N/A,Secretarío de Obras Públicas Contacto: 311 6721899
80161500,SERVICIO DE ALUMBRADO PÚBLICO,01/01/2018,365,Selección Abreviada,SGP,"123,045,000.00","123,045,000.00",NO,N/A,Secretarío de Obras Públicas Contacto: 311 6721899
80161500,IMPLEMENTACIÓN DEL SISTEMA LED EN ALUMBRADO PÚBLICO DEL MUNICIPIO DE CORINTO -CAUCA,01/01/2018,365,Contratación Mínima Cuantía,SGP,"18,000,000.00","18,000,000.00",NO,N/A,Secretarío de Obras Públicas Contacto: 311 6721899
80161500,FORTALECIMIENTO INSTITUCIONAL PARA MEJORAR LAS CAPACIDADES EN GESTIÓN PÚBLICA,01/01/2018,365,Contratación Mínima Cuantía,SGP,"10,000,000.00","10,000,000.00",NO,N/A,"Planeación Municipal 
Contacto: 321-5263304"
30111600                          30151900                          30103600                               30161500                              30171500,ADQUISICION DE MATERIALES PARA EL CAMBIO DE SISTEMA ELECTRICO DE LA PLANTA DE TRATAMIENTO DE LA PISCINA MUNICIPAL “EL SAMAN”  DEL MUNICIPIO.,03/01/2018,300,Contratación Mínima Cuantía,Recursos Propios,"2,000,000.00","2,000,000.00",NO,N/A,"Secretaría de Educación
Contacto: 3156946063"
42192210,COMPRA DE SILLAS DE RUEDAS Y APARATOS ORTOPEDICOS PARA LA POBLACION CON DISCAPACIDAD EN EL MUNICIPIO DE CORINTO. ,01/16/2018,330,Contratación Mínima Cuantía,Recursos Propios,"4,000,000.00","4,000,000.00",NO,N/A,"Secretaría de Salud 
Contacto: 3122703548"
72151603,"ALQUILER DE EQUIPO DE SONIDO, AMPLIFICACION Y ANIMACION PARA CONVOCATORIA Y REALIZACION DE LAS DIFERENTES ACTIVIDADES CULTURALES EN EL MUNICIPIO DE CORINTO CAUCA.",03/01/2018,300,Contratación Mínima Cuantía,Recursos Propios,"6,000,000.00","6,000,000.00",NO,N/A,"Secretaría de Educación
Contacto: 3156946063"
80161500,PRESTACION DE SERVICIOS DE APOYO A LA GESTIÓN DE SALUD PUBLICA DESDE LA COORDINACIÓN DE LA IMPLEMENTACIÓN DEL MODELO DE SALUD DEL MUNICIPIO DE CORINTO CAUCA .,01/16/2018,330,Contratación Directa ,Recursos Propios,"24,000,000.00","24,000,000.00",NO,N/A,"Secretaría de Salud 
Contacto: 3122703548"
80161500,PRESTACION DE SERVICIOS DE APOYO A LA GESTIÓN DESDE LA CARACTERIZACIÓN FAMILIAR DE LA POBLACIÓN EN EL MARCO DE LA IMPLEMENTACIÓN DEL MODELO DE SALUD DEL MUNICIPIO DE CORINTO CAUCA .,01/16/2018,330,Contratación Directa ,Recursos Propios,"22,000,000.00","22,000,000.00",NO,N/A,"Secretaría de Salud 
Contacto: 3122703548"
80161500,"CONTRATAR LOS SERVICOS DE PRODUCCIÓN, TRANSMISIÓN Y EMISIÓN DE LAS ENTREVISTAS, EVENTOS, PIEZAS PROMOCIONALES REALIZADAS POR CADA UNA DE LAS DEPENDENCIAS DE LA ALCALDÍA MUNICIPAL DE CORINTO CUACA, CON LA FINALIDAD DE DIVULGAR Y PROMOCIONAR LAS ACTIVIDADES ADELANTADAS EN EL AÑO 2018.",03/01/2018,300,Contratación Directa ,Recursos Propios,"19,304,740.00","19,304,740.00",NO,N/A,"Secretaría de Educación
Contacto: 3156946063"
80161500,"REALIZAR ACTIVIDADES DE PROMOCION Y FOMENTO A LA LECTURA PARA NIÑOS Y NIÑAS DE PRIMERA INFANCIA, EDAD PREESCOLAR, FAMILIA Y COMUNIDAD.",03/01/2018,300,Contratación Directa ,Recursos Propios,"5,336,700.00","5,336,700.00",NO,N/A,"Secretaría de Educación
Contacto: 3156946063"
80161500,"AUNAR ESFUERZOS PARA LA REALIZACIÓN DE UNA JORNADA DE INTEGRACION,  RECREACIÓN Y LÚDICA DE LA POBLACION ADULTA MAYOR DEL MUNICIPIO DE CORINTO, CAUCA.",01/16/2018,330,Contratación Directa ,Recursos Propios,"13,000,000.00","13,000,000.00",NO,N/A,"Secretaría de Salud 
Contacto: 3122703548"
80161500,"PRESTACIÓN DE SERVICIOS COMO ACOMPAÑAMIENTO Y ASISTENCIA A LA OFICINA ASESORA DE PLANEACION MUNICIPAL DE CORINTO CAUCA, EN LA REALIZACION DE LAS ACTIVIDADES RELACIONADAS CON LA GESTION DEL RIESGO. ",03/01/2018,300,Contratación Directa ,Recursos Propios,"9,000,000.00","7,500,000.00",NO,N/A,"Planeación Municipal 
Contacto: 321-5263304"
80161500,"PRESTAR LOS SERVICIOS DE APOYO TECNICO A LA OFICINA DE PLANEACION MUNICIPAL DE CORINTO CAUCA, BANCO DE PROYECTOS FINANCIADOS CON RECURSOS DEL SISTEMA GENERAL DE REGALÍAS.",03/01/2018,300,Contratación Directa ,Recursos Propios,"9,000,000.00","8,500,000.00",NO,N/A,"Planeación Municipal 
Contacto: 321-5263304"
80161500,PRESTAR LOS SERVICIOS DE APOYO A LA GESTIÓN PARA LA COORDINACIÓN DEL BANCO DE PROYECTOS Y APOYO A LA SECRETARÍA TÉCNICA DEL OCAD MUNICIPAL DE CORINTO CAUCA.,03/01/2018,300,Contratación Directa ,Recursos Propios,"11,000,000.00","10,800,000.00",NO,N/A,"Planeación Municipal 
Contacto: 321-5263304"
80161500,"PRESTAR LOS SERVICIOS COMO APOYO OPERATIVO DE LA OFICINA DE PLANEACION - BANCO DE PROYECTOS, EN LA DIGITACION, MANEJO DE ARCHIVO, RECEPCION, RADICACION Y CHEQUEO DE PROYECTOS.",03/01/2018,300,Contratación Directa ,Recursos Propios,"7,000,000.00","6,400,000.00",NO,N/A,"Planeación Municipal 
Contacto: 321-5263304"
80161500,"ASISTENCIA TÉCNICA PARA EL Fortalecimiento DE LAS COMPETENCIAS DE LA SECRETARÍA DE PLANEACIÓN MUNICIPAL, DE CORINTO CAUCA.",03/01/2018,300,Contratación Directa ,Recursos Propios,"17,000,000.00","15,000,000.00",NO,N/A,"Planeación Municipal 
Contacto: 321-5263304"
80161500,PRESTACIÓN DE SERVICIOS PARA EL DESARROLLO DE UN PROGRAMA DE PEDAGOGÍA DIRIGIDO A LA POBLACIÓN EN SITUACIÓN DE DISCAPACIDAD DEL MUNICIPIO DE CORINTO.,01/16/2018,330,Contratación Directa ,Recursos Propios,"13,200,000.00","13,200,000.00",NO,N/A,"Secretaría de Salud 
Contacto: 3122703548"
80161500,"ASISTENCIA TÉCNICA PARA EL FORTALECIMIENTO DE LOS  GREMIOS PRODUCTORES DEL MUNICIPIO DE CORINTO CAUCA, MEDIANTE LA GESTION DE COMERCIALIZACION DE LOS PRODUCTOS AGROPECUARIOS.",03/01/2018,300,Contratación Directa ,Recursos Propios,"19,000,000.00","18,500,000.00",NO,N/A,"Planeación Municipal 
Contacto: 321-5263304"
80161500,"PRESTAR  SERVICIOS DE APOYO A LA GESTIÓN PARA EL SEGUIMIENTO DEL DESARROLLO Y EJECUCIÓN DE LOS PROYECTOS QUE SE ADELANTAN POR LA ASOCIACIÓN DE MUNICIPIOS DEL NORTE DEL CAUCA – AMUNORCA, EN EL MUNICIPIO DE CORINTO CAUCA.",03/01/2018,300,Contratación Directa ,Recursos Propios,"7,000,000.00","6,000,000.00",NO,N/A,"Planeación Municipal 
Contacto: 321-5263304"
80161500,PRESTACIÓN DE SERVICIOS PARA LA EJECUCIÓN DE ACTIVIDADES DESTINADAS A LOS PROYECTOS DE PROTECCIÓN A LA JUVENTUD.,03/01/2018,300,Contratación Directa ,Recursos Propios,"7,000,000.00","5,000,000.00",NO,N/A,"Secretaría de Educación
Contacto: 3156946063"
80161500,PRESTACIÓN DE SERVICIOS PARA LA EJECUCIÓN DE ACTIVIDADES DESTINADAS A LA ATENCION Y APOYO A LA MUJER.,03/01/2018,300,Contratación Directa ,Recursos Propios,"7,000,000.00","5,000,000.00",NO,N/A,"Secretaría de Educación
Contacto: 3156946063"
80161500,REALIZAR ACTUALIZACIÓN Y SOPORTE TÉCNICO EN LA EJECUCIÓN DEL SISTEMA INTEGRADO DE INFORMACIÓN FINANCIERA DEL MUNICIPIO DE CORINTO CAUCA.,03/01/2018,300,Contratación Directa ,Recursos Propios,"8,000,000.00","7,000,000.00",NO,N/A,"Secretaría de Hacienda 
Contacto: 3178935976"
80161500,PRESTAR LOS SERVICIOS DE APOYO EN EL DESARROLLO Y SEGUIMIENTO DE PLANES Y PROYECTOS DE VIVIENDA QUE GESTIONA LA ADMINISTRACIÓN MUNICIPAL DE CORINTO CAUCA,03/01/2018,300,Contratación Directa ,Recursos Propios,"12,000,000.00","10,000,000.00",NO,N/A,"Planeación Municipal 
Contacto: 321-5263304"
80161500,AUNAR ESFUERZOS PARA LA LOGÍSTICA Y ORGANIZACIÓN DE LA JORNADA DE BIENESTAR SOCIAL DIRIGIDA A LOS SERVIDORES PÚBLICOS DEL MUNICIPIO DE CORINTO CAUCA.,03/01/2018,300,Contratación Directa ,Recursos Propios,"6,500,000.00","6,500,000.00",NO,N/A,"Secretaría de Gobierno 
Contacto: 3165227352"
80161500,"AUNAR ESFUERZOS PARA LA LOGÍSTICA Y ORGANIZACIÓN DE LA CELEBRACIÓN DEL DÍA DE LOS NIÑOS - 31 DE OCTUBRE -, COMO PARTE DE LA ESTRATEGIA LÚDICO-RECREATIVA DIRIGIDA A LA NIÑEZ, PARA LA PROMOCIÓN DE LOS DERECHOS DEL NIÑO.",03/01/2018,300,Contratación Directa ,Recursos Propios,"9,000,000.00","9,000,000.00",NO,N/A,Comisaria de Famila- Contacto:  3137490572
50192900,SUMINISTRO DE VIVERES  CON DESTINO A LOS NUCLEOS FAMILIARES DE LA POBLACIÓN REGISTRADA COMO DESPLAZADOS Y VICTIMAS DEL CONFLICTO ARMADO   EN EL ÁREA URBANA Y RURAL DEL MUNICIPIO DE CORINTO CAUCA.,02/01/2018,330,Contratación Mínima Cuantía,Recursos Propios,"8,000,000.00","8,000,000.00",NO,N/A,"Planeación Municipal 
Contacto: 321-5263304"
23153400,SERVICIO DE DESMONTE DESPINCHADA CALIBRACIÓN LAVADA Y ENJUAGUE DEL PARQUE AUTOMOTOR A SERVICIO DE LA ADMINISTRACIÓN MUNICIPAL DE CORINTO CAUCA.,02/01/2018,330,Contratación Mínima Cuantía,Recursos Propios,"7,743,000.00","7,743,000.00",NO,N/A,"Planeación Municipal 
Contacto: 321-5263304"
25171500,SUMINISTRO  DE REPUESTOS PARA EL ARREGLO Y MANTENIMIENTO DEL PARQUE AUTOMOTOR A CARGO DEL MUNICIPIO DE CORINTO CAUCA,02/01/2018,330,Contratación Mínima Cuantía,Recursos Propios,"20,248,800.00","20,248,800.00",NO,N/A,"Planeación Municipal 
Contacto: 321-5263304"
15101500,SUMINISTRO DE COMBUSTIBLE TIPO  GASOLINA CORRIENTE CON DESTINO A VEHICULOS (PARQUE AUTOMOTOR) Y GUADAÑA DE PROPIEDAD DEL MUNICIPIO DE CORINTO CAUCA.,02/01/2018,330,Contratación Mínima Cuantía,Recursos Propios,"19,992,350.00","19,992,350.00",NO,N/A,"Planeación Municipal 
Contacto: 321-5263304"
78181500,SERVICIO DE REPARACION Y MANTENIMIENTO CORRECTIVO DEL PARQUE AUTOMOTOR A CARGO DEL MUNICIPIO DE CORINTO CAUCA.,02/01/2018,330,Contratación Mínima Cuantía,Recursos Propios,"19,143,200.00","19,143,200.00",NO,N/A,"Planeación Municipal 
Contacto: 321-5263304"
15121500,SUMINISTRO Y CAMBIO DE ACEITES  LUBRICANTES Y GRASAS PARA TODO EL PARQUE AUTOMOTOR DE PROPIEDAD DEL MUNICIPIO DE CORINTO CAUCA.,02/01/2018,330,Contratación Mínima Cuantía,Recursos Propios,"17,198,800.00","17,198,800.00",NO,N/A,"Planeación Municipal 
Contacto: 321-5263304"
15101500,SUMINISTRO DE COMBUSTIBLE TIPO  ACPM PARA EL MANTENIMIENTO RUTINARIO DE VÍAS A CARGO DEL MUNICIPIO DE CORINTO CAUCA.,02/01/2018,330,Contratación Mínima Cuantía,Recursos Propios,"19,996,572.00","19,996,572.00",NO,N/A,"Planeación Municipal 
Contacto: 321-5263304"
30102000,SUMINISTRO DE MATERIALES PARA LA ATENCION A LA POBLACION AFECTADA Y EN RIESGO POR FENOMENOS NATURALES Y ANTROPICOS EN EL MUNICIPIO DE CORINTO CAUCA.,02/01/2018,330,Contratación Mínima Cuantía,Recursos Propios,"20,000,000.00","20,000,000.00",NO,N/A,"Planeación Municipal 
Contacto: 321-5263304"
50192900,SUMINISTRO   DE VÍVERES  PARA  LA  ATENCIÓN  A  DAMNIFICADOS  Y ACCIONES  DE TRABAJO MANCOMUNADOS  PARA LA ACTIVIDADES DE PREVENCIÓN   MITIGACIÓN EN LA GESTIÓN DEL RIESGO DEL SECTOR RURAL  Y URBANO.,02/01/2018,330,Contratación Mínima Cuantía,Recursos Propios,"15,000,000.00","15,000,000.00",NO,N/A,"Planeación Municipal 
Contacto: 321-5263304"
78181700,SUMINISTRO DE COMBUSTIBLE CON DESTINO A LA FUERZA PÚBLICA (EJÉRCITO  POLICÍA  SIJIN Y CTI) ACANTONADAS EN EL MUNICIPIO DE CORINTO CAUCA.,02/01/2018,330,Subasta,Recursos Propios,"29,997,900.00","29,997,900.00",NO,N/A,"Planeación Municipal 
Contacto: 321-5263304"
48131500,SUMINISTRAR CAJAS MORTUORIAS CON DESTINO A LA POBLACIÓN DE ESCASOS RECURSOS ECONÓMICOS DE LOS  NIVELES 1 Y 2 DEL SISEN   LAS INSCRITAS EN EL LISTADO CENSAL INDIGENA  POBLACIÓN DESPLAZADA  VÍCTIMAS DEL CONFLICTO ARMADO Y PERSONAS NO IDENTIFICADAS POR MEDICINA LEGAL DEL MUNICIPIO DE CORINTO CAUCA.,02/01/2018,330,Contratación Mínima Cuantía,Recursos Propios,"15,870,000.00","15,870,000.00",NO,N/A,"Planeación Municipal 
Contacto: 321-5263304"
50192700,SUMINISTRO DE VIVERES  CON DESTINO A LOS NUCLEOS FAMILIARES DE LA POBLACIÓN REGISTRADA COMO DESPLAZADOS Y VICTIMAS DEL CONFLICTO ARMADO   EN EL ÁREA URBANA Y RURAL DEL MUNICIPIO DE CORINTO CAUCA.,02/01/2018,330,Contratación Mínima Cuantía,Recursos Propios,"8,000,000.00","8,000,000.00",NO,N/A,"Planeación Municipal 
Contacto: 321-5263304"
72141700,ALQUILER DE BULLDOZER D5 PARA EXTRACCIÓN DE MATERIAL PÉTREO DE LA CANTERA UBICADA EN LA VEREDA PUEBLO NUEVO  CON EL FIN REALIZAR MANTENIMIENTOS RUTINARIOS EN LAS VÍAS TERCIARIAS DEL MUNICIPIO DE CORINTO CAUCA.,02/01/2018,330,Contratación Mínima Cuantía,Recursos Propios,"20,550,000.00","20,550,000.00",NO,N/A,Secretarío de Obras Públicas Contacto: 311 6721899
49221500,CONTRATAR EL SUMINISTRO DE IMPLEMENTOS  DEPORTIVOS PARA LOS EQUIPOS DE LAS DIFERENTES INSTITUCIONES EDUCATIVAS  CLUBES DEPORTIVOS Y ESCUELAS DEPORTIVAS DEL MUNICIPIO DE CORINTO,02/01/2018,330,Contratación Mínima Cuantía,Recursos Propios,"10,000,000.00","10,000,000.00",NO,N/A,"Planeación Municipal 
Contacto: 321-5263304"
84131600,ADQUISICIÓN DE POLIZA DE SEGURO DE VIDA GRUPO PARA EL ALCALDE MUNICIPAL  PERSONERO Y 13 CONCEJALES  DEL MUNICIPIO DE CORINTO  CAUCA.,02/01/2018,330,Contratación Mínima Cuantía,Recursos Propios,"10,000,000.00","10,000,000.00",NO,N/A,"Planeación Municipal 
Contacto: 321-5263304"
72141700,ALQUILER DE BULLDOZER D6 PARA LA ETAPA 1 DE LA REAPERTURA  REHABILITACIÓN Y AMPLIACIÓN DE LA BANCA DE LA VÍA LAS GUACAS SANTA ROSA  EN EL MUNICIPIO DE CORINTO  DEPARTAMENTO DEL CAUCA.,02/01/2018,330,Contratación Mínima Cuantía,Recursos Propios,"20,550,000.00","20,550,000.00",NO,N/A,Secretarío de Obras Públicas Contacto: 311 6721899
50221200,SUMINISTRO   DE VÍVERES  PARA  LA  ATENCIÓN  A  DAMNIFICADOS  Y ACCIONES  DE TRABAJO MANCOMUNADOS  PARA LA ACTIVIDADES DE PREVENCIÓN   MITIGACIÓN EN LA GESTIÓN DEL RIESGO DEL SECTOR RURAL  Y URBANO.,02/01/2018,330,Contratación Mínima Cuantía,Recursos Propios,"15,000,000.00","15,000,000.00",NO,N/A,"Planeación Municipal 
Contacto: 321-5263304"
43212100,COMPRA DE EQUIPOS Y ELEMENTOS TECNOLÓGICOS PARA EL FUNCIONAMIENTO DE LAS DIFERENTES OFICINAS Y DEPENDENCIAS DE LA ALCALDÍA MUNICIPAL DE CORINTO CAUCA.,02/01/2018,330,Contratación Mínima Cuantía,Recursos Propios,"15,000,000.00","15,000,000.00",NO,N/A,"Planeación Municipal 
Contacto: 321-5263304"
90101600,CONTRATAR LA LOGÍSTICA Y SERVICIO DE ALIMENTACIÓN PARA LA CELEBRACIÓN DEL DÍA DE LA MUJER EN EL MUNICIPIO DE CORINTO CAUCA,02/01/2018,330,Contratación Mínima Cuantía,Recursos Propios,"4,027,300.00","4,027,300.00",NO,N/A,"Planeación Municipal 
Contacto: 321-5263304"
39101800,COMPRA DE MATERIAL ELÉCTRICO PARA EL MANTENIMIENTO DEL ALUMBRADO PÚBLICO DE LA ZONA URBANA Y RURAL DEL MUNICIPIO DE CORINTO CAUCA.,02/01/2018,330,Contratación Mínima Cuantía,Recursos Propios,"18,350,332.00","18,350,332.00",NO,N/A,"Planeación Municipal 
Contacto: 321-5263304"
53103100,SUMINISTRO DE ELEMENTOS QUE PERMITAN DESARROLLAR LA ESTRATEGIA DE COMUNICACIÓN DEL MODEL DE ATENCION PRIMARIA EN SALUD,02/01/2018,330,Contratación Mínima Cuantía,Recursos Propios,"9,350,000.00","9,350,000.00",NO,N/A,"Planeación Municipal 
Contacto: 321-5263304"
81111800,SUMINISTRAR  EL  SERVICIO  DE  INTERNET  FIBRA  OPTICA CON ESTRUCTURA VERIFICABLE CON DESTINO A LAS DEPENDENCIAS DE LA ALCALDÍA MUNICIPAL  CASA DE JUSTICIA Y PERSONERIA MUNICIPAL DE CORINTO CAUCA.,02/01/2018,330,Contratación Mínima Cuantía,Recursos Propios,"20,000,000.00","20,000,000.00",NO,N/A,"Planeación Municipal 
Contacto: 321-5263304"
72141700,ALQUILER MAQUINARIA TIPO RETROEXCAVADORA DE ORUGA PARA REALIZAR DEMOLICION DE UNA VIVIENDA QUE FENERA ALTO RIESFO DE DESASTRE.,02/01/2018,330,Contratación Mínima Cuantía,Recursos Propios,"3,000,000.00","3,000,000.00",NO,N/A,Secretarío de Obras Públicas Contacto: 311 6721899
80101500,ALQUILER DE EQUIPO DE SONIDO  AMPLIFICACION Y ANIMACION DURANTE LA REALIZACION DE LAS DIFERENTES ACTIVIDADES CULTURALES EN EL MUNICIPIO DE CORINTO CAUCA.,02/01/2018,330,Contratación Mínima Cuantía,Recursos Propios,"10,000,000.00","10,000,000.00",NO,N/A,Secretarío de Obras Públicas Contacto: 311 6721899
15101500,SUMINISTRO DE COMBUSTIBLE TIPO ACPM PARA LA MAQUINARIA QUE REALIZA EL MANTENIMIEMTO DE LA VIA CORINTO-CARRIZALES-BOQUERON DENTRO DEL MARCO DE LA EJECUCIÓN DEL COMODATO CON OBJETO PRESTAMO DE USO DE MAQUINARIA VOLQUETA INTERNATIONAL MODELO 1996 PLACA ORO 128 VIBROCOMPACTADOR BOMAG SERIE 101584101049 MOTONIVELADORA CATERPILAR 120K SERIE KHX 53839 AL MUNICIPIO DE CORINTO CAUCA.,02/01/2018,330,Contratación Mínima Cuantía,Recursos Propios,"20,000,000.00","20,000,000.00",NO,N/A,"Planeación Municipal 
Contacto: 321-5263304"
90101600,CONTRATAR  UNA PERSONA NATURAL O JURÍDICA QUE ESTE EN CAPACIDAD DE ORGANIZAR LA LOGÍSTICA PARA ASAMBLEA MUNICIPAL DE VICTIMAS DEL MUNICIPIO DE CORINTO CAUCA.,02/01/2018,330,Contratación Mínima Cuantía,Recursos Propios,"5,000,000.00","5,000,000.00",NO,N/A,"Planeación Municipal 
Contacto: 321-5263304"
30111600,COMPRA DE MATERIALES  PARA LA CONSTRUCCIÓN DE SEIS (6) ALCANTARILLAS EN LA RED VIAL TERCIARIA DEL MUNICIPIO DE CORINTO  DEPARTAMENTO DEL CAUCA.,02/01/2018,330,Contratación Mínima Cuantía,Recursos Propios,"20,561,000.00","20,561,000.00",NO,N/A,"Planeación Municipal 
Contacto: 321-5263304"
30102000,SUMINISTRO DE MATERIALES PARA LA ATENCION A LA POBLACION AFECTADA Y EN RIESGO POR FENOMENOS NATURALES Y ANTROPICOS EN EL MUNICIPIO DE CORINTO CAUCA.,02/01/2018,330,Contratación Mínima Cuantía,Recursos Propios,"20,000,000.00","20,000,000.00",NO,N/A,"Planeación Municipal 
Contacto: 321-5263304"
30111600,SUMINISTRO DE MATERIALES DE CONSTRUCCIÓN PARA LA ATENCIÓN DE LAS VÍAS TERCIARIAS A CARGO DEL MUNICIPIO DE CORINTO DEPARTAMENTO DEL CAUCA.,02/01/2018,330,Contratación Mínima Cuantía,Recursos Propios,"20,654,300.00","20,654,300.00",NO,N/A,"Planeación Municipal 
Contacto: 321-5263304"
15101500,FORTALECIMIENTO AL PROGRAMA CENTRO DIA PARA LA ZONA RURAL DEL MUNICIPIO DE CORINTO CON COMBUSTIBLE TIPO GASOLINA PARA MOTOS PLACAS JAL97E Y JAL96E.,02/01/2018,330,Contratación Mínima Cuantía,Recursos Propios,"2,350,000.00","2,350,000.00",NO,N/A,"Planeación Municipal 
Contacto: 321-5263304"
90101600,CONTRATAR  UNA PERSONA NATURAL O JURÍDICA QUE ESTE EN CAPACIDAD PARA LA LOGÍSTICA Y ORGANIZACIÓN DE LA CELEBRACION DE LOS 150 AÑOS DE CORINTO CAUCA.,02/01/2018,330,Contratación Mínima Cuantía,Recursos Propios,"20,000,000.00","20,000,000.00",NO,N/A,"Planeación Municipal 
Contacto: 321-5263304"
72141100,MEJORAMIENTO DE LA ACOMETIDA DEL ALCANTARILLADO SANITARIO DEL HOGAR INFANTIL  CORINTO  MUNICIPIO DE CORINTO CAUCA.,02/01/2018,330,Contratación Mínima Cuantía,Recursos Propios,"13,374,971.00","13,374,971.00",NO,N/A,Secretarío de Obras Públicas Contacto: 311 6721899
15101500,FORTALECIMIENTO AL PROGRAMA CENTRO DIA PARA LA ZONA RURAL DEL MUNICIPIO DE CORINTO CON COMBUSTIBLE TIPO GASOLINA PARA MOTOS PLACAS JAL97E Y JAL96E.,02/01/2018,330,Contratación Mínima Cuantía,Recursos Propios,"2,342,990.00","2,342,990.00",NO,N/A,"Planeación Municipal 
Contacto: 321-5263304"
27112000,COMPRA DE UN MINITRACTOR CORTA CESPED PARA EL MANTENIMIENTO DE LOS DIFERENTES ESCENARIOS DEPORTIVOS Y RECREATIVOS DEL MUNICIPIO,02/01/2018,330,Contratación Mínima Cuantía,Recursos Propios,"10,500,000.00","10,500,000.00",NO,N/A,"Planeación Municipal 
Contacto: 321-5263304"
72151300,SEÑALIZACIÓN Y DEMARCACIÓN DE LAS RAMPAS DEL PARQUE PRINCIPAL JOSÉ MARÍA OBANDO Y OTRAS ZONAS DEL MUNICIPIO PARA EL FÁCIL ACCESO DE LAS PERSONAS DISCAPACITADAS.,02/01/2018,330,Contratación Mínima Cuantía,Recursos Propios,"4,600,000.00","4,600,000.00",NO,N/A,Secretarío de Obras Públicas Contacto: 311 6721899
90101600,CONTRATAR UNA PERSONA NATURAL O JURÍDICA QUE ESTE EN CAPACIDAD DE ORGANIZAR LA LOGÍSTICA PARA LA CELEBRACIÓN DEL DÍA DEL MAESTRO EN EL MUNICIPIO DE CORINTO.,05/01/2018,210,Contratación Mínima Cuantía,Recursos Propios,"12,000,000.00","12,000,000.00",NO,N/A,"Planeación Municipal 
Contacto: 321-5263304"
27112000,COMPRA DE UN MINITRACTOR CORTA CESPED PARA EL MANTENIMIENTO DE LOS DIFERENTES ESCENARIOS DEPORTIVOS Y RECREATIVOS DEL MUNICIPIO,05/01/2018,210,Contratación Mínima Cuantía,Recursos Propios,"10,500,000.00","10,500,000.00",NO,N/A,"Planeación Municipal 
Contacto: 321-5263304"
30102000,SUMINISTRO DE MATERIALES PARA LA ATENCION A LA POBLACION AFECTADA Y EN RIESGO POR FENOMENOS NATURALES Y ANTROPICOS EN EL MUNICIPIO DE CORINTO CAUCA.,05/01/2018,210,Contratación Mínima Cuantía,Recursos Propios,"19,995,000.00","19,995,000.00",NO,N/A,"Planeación Municipal 
Contacto: 321-5263304"
30111600,"COMPRA DE MATERIALES PARA LA CONSTRUCCIÓN DE SEIS (6) ALCANTARILLAS EN LA RED VIAL TERCIARIA DEL MUNICIPIO DE CORINTO, DEPARTAMENTO DEL CAUCA.",05/01/2018,210,Contratación Mínima Cuantía,Recursos Propios,"20,561,000.00","20,561,000.00",NO,N/A,"Planeación Municipal 
Contacto: 321-5263304"
90101600,CONTRATAR UNA PERSONA NATURAL O JURÍDICA QUE ESTE EN CAPACIDAD PARA LA LOGÍSTICA Y ORGANIZACIÓN DE LA CELEBRACION DE LOS 150 AÑOS DE CORINTO CAUCA.,05/01/2018,210,Contratación Mínima Cuantía,Recursos Propios,"20,000,000.00","20,000,000.00",NO,N/A,"Planeación Municipal 
Contacto: 321-5263304"
30111600,SUMINISTRO DE MATERIALES DE CONSTRUCCIÓN PARA LA ATENCIÓN DE LAS VÍAS TERCIARIAS A CARGO DEL MUNICIPIO DE CORINTO DEPARTAMENTO DEL CAUCA.,05/01/2018,210,Contratación Mínima Cuantía,Recursos Propios,"20,654,000.00","20,654,000.00",NO,N/A,"Planeación Municipal 
Contacto: 321-5263304"
84131500,"CONTRATAR LA PÓLIZA DE MANEJO GLOBAL SECTOR OFICIAL, PARA EL ALCALDE, TESORERO MUNICIPAL, AUXILIAR ADMINISTRATIVO CON FUNCIONES DE ALMACENISTA, CAJAS MENORES DEL MUNICIPIO DE CORINTO-CAUCA",05/01/2018,210,Contratación Mínima Cuantía,Recursos Propios,"3,861,468.00","3,861,468.00",NO,N/A,"Planeación Municipal 
Contacto: 321-5263304"
49161500,"CONTRATAR EL SUMINISTRO DE IMPLEMENTOS DEPORTIVOS PARA LOS EQUIPOS DE LAS DIFERENTES INSTITUCIONES EDUCATIVAS, CLUBES DEPORTIVOS Y ESCUELAS DEPORTIVAS DEL MUNICIPIO DE CORINTO.",05/01/2018,210,Contratación Mínima Cuantía,Recursos Propios,"14,000,000.00","14,000,000.00",NO,N/A,"Planeación Municipal 
Contacto: 321-5263304"
80111600,"CONTRATAR LA PRESTACIÓN DEL SERVICIO DE JUZGAMIENTO DEPORTIVO (ARBITRAJE), EN LOS DIFERENTES ENCUENTROS, REALIZADOS EN EL MUNICIPIO, DE LOS TORNEOS TANTO URBANOS COMO RURALES DE LAS DIFERENTES DISCIPLINAS DEPORTIVAS EL MARCO DE LOS PROCESOS DE FOMENTO, APOYO Y DESARROLLO DE LA PRÁCTICA, LA RECREACIÓN Y EL APROVECHAMIENTO DEL TIEMPO LIBRE",05/01/2018,210,Contratación Mínima Cuantía,Recursos Propios,"20,640,000.00","20,640,000.00",NO,N/A,"Planeación Municipal 
Contacto: 321-5263304"
81112100,"SUMINISTRAR EL SERVICIO DE INTERNET FIBRA OPTICA CON ESTRUCTURA VERIFICABLE CON DESTINO A LA INSTITUCION EDUCATIVA JOSE MARIA OBANDO, BIBLIOTECA MUNICIPAL GOBIERNO DEL JAPON, DEL MUNICIPIO DE CORINTO CAUCA.",05/01/2018,210,Contratación Mínima Cuantía,Recursos Propios,"19,800,000.00","19,800,000.00",NO,N/A,"Planeación Municipal 
Contacto: 321-5263304"
53101700,COMPRA DE DOTACIÓN LEGAL DE CALZADO Y VESTIDO DE LABOR PARA LOS EMPLEADOS PÚBLICOS Y TRABAJADORES OFICIALES OFICIALES AL MUNICIPIO DE CORINTO CAUCA.,05/01/2018,210,Contratación Mínima Cuantía,Recursos Propios,"20,028,082.00","20,028,082.00",NO,N/A,"Planeación Municipal 
Contacto: 321-5263304"
72141700,"ALQUILER DE BULLDOZER PARA LA REAPERTURA, REHABILITACIÓN Y AMPLIACIÓN DE LA BANCA DE LA VÍA LOS ANDES-LA ESTHER EN EL MUNICIPIO DE CORINTO, DEPARTAMENTO DEL CAUCA.",05/01/2018,210,Contratación Mínima Cuantía,Recursos Propios,"20,550,000.00","20,550,000.00",NO,N/A,"Planeación Municipal 
Contacto: 321-5263304"
72121400,"CONSTRUCCIÓN, MEJORAMIENTO O MANTENIMIENTO DE INSITITUCIONES EDUCATIVAS DEL MUNICIPIO DE CORINTO, DEPARTAMENTO DEL CAUCA.",05/01/2018,210,Contratación Mínima Cuantía,Recursos Propios,"219,994,000.00","20,654,328.00",NO,N/A,Secretarío de Obras Públicas Contacto: 311 6721899
90101600,PRESTAR LOS SERVICIOS DE LOGÍSTICA Y ORGANIZACIÓN DE LA JORNADA DE BIENESTAR SOCIAL DIRIGIDA A LOS SERVIDORES PÚBLICOS DEL MUNICIPIO DE CORINTO CAUCA.,05/01/2018,210,Selección Abreviada,Recursos Propios,"120,001,656.00","120,001,656.00",NO,N/A,"Planeación Municipal 
Contacto: 321-5263304"
72141700,"ALQUILER DE MAQUINARIA AMARILLA PARA EL RETIRO DE MATERIAL DE CORTE DE LA VARIANTE A LA VEREDA LA ESTHER, MUNICIPIO DE CORINTO, DEPARTAMENTO DEL CAUCA.",05/01/2018,210,Contratación Mínima Cuantía,Recursos Propios,"20,493,000.00","20,493,000.00",NO,N/A,Secretarío de Obras Públicas Contacto: 311 6721899
49241700,COMPRA DE INSUMOS QUIMICOS PARA EL MANTENIMIENTO DE LA PISCINA MUNICIPAL.,05/01/2018,210,Contratación Mínima Cuantía,Recursos Propios,"9,596,860.00","9,596,860.00",NO,N/A,"Planeación Municipal 
Contacto: 321-5263304"
72141700,"ALQUILER DE MOTONIVELADORA PARA LA CONFORMACIÓN DE LAS VIAS DEL PROYECTO DE VIVIENDA DE LA URBANIZACIÓN OLIVARES I DE LA CABECERA MUNICIPAL DE CORINTO, DEPARTAMENTO DEL CAUCA.",05/01/2018,210,Contratación Mínima Cuantía,Recursos Propios,"19,999,996.00","19,999,996.00",NO,N/A,Secretarío de Obras Públicas Contacto: 311 6721899
25172100,SUMINISTRO DE REPUESTOS PARA EL ARREGLO Y MANTENIMIENTO PREVENTIVO DEL PARQUE AUTOMOTOR DE LA FUERZA PÚBLICA ACANTONADO EN CORINTO CAUCA.,05/01/2018,210,Contratación Mínima Cuantía,Recursos Propios,"19,757,100.00","19,757,100.00",NO,N/A,Secretarío de Obras Públicas Contacto: 311 6721899
10151500,"SUMINISTRO DE INSUMOS PARA EL ESTABLECIMIENTO DE HUERTAS FAMILIARES Y ESCOLARES, PARCELAS AGROPECUARIAS DEMOSTRATIVAS Y PIE DE CRIA PARA PARCELAS PECUARIA DEL MUNICIPIO DE CORINTO CAUCA",05/01/2018,210,Contratación Mínima Cuantía,Recursos Propios,"19,516,450.00","19,516,450.00",NO,N/A,"Planeación Municipal 
Contacto: 321-5263304"
42251600,COMPRA DE ELEMENTOS DE DOTACIÓN PARA EL FORTALECIMIENTO DEL CENTRO DIA DEL MUNICIPIO DE CORINTO.,05/01/2018,210,Contratación Mínima Cuantía,Recursos Propios,"16,841,250.00","16,841,250.00",NO,N/A,"Planeación Municipal 
Contacto: 321-5263304"
43211500,COMPRA DE EQUIPOS TECNOLÓGICOS PARA EL FUNCIONAMIENTO DE LAS DIFERENTES OFICINAS Y DEPENDENCIAS DE LA ALCALDÍA MUNICIPAL DE CORINTO CAUCA,05/01/2018,210,Contratación Mínima Cuantía,Recursos Propios,"2,900,000.00","2,900,000.00",NO,N/A,"Planeación Municipal 
Contacto: 321-5263304"
82121500,"CONTRATAR EL SERVICIO DE IMPRESIONES BAJO LA MODALIDAD DE OUTSOURCING, PARA EL FUNCIONAMIENTO DE LAS DEPENDENCIAS DE LA ADMINISTRACION MUNICIPAL.",05/01/2018,210,Contratación Mínima Cuantía,Recursos Propios,"7,245,000.00","7,245,000.00",NO,N/A,"Planeación Municipal 
Contacto: 321-5263304"
90101600,CONTRATAR UNA PERSONA NATURAL O JURÍDICA QUE ESTE EN CAPACIDAD DE ORGANIZAR LA LOGÍSTICA PARA LAS REUNIONES DE LA MESA DE VICTIMAS DEL MUNICIPIO DE CORINTO CAUCA.,05/01/2018,210,Contratación Mínima Cuantía,Recursos Propios,"2,300,000.00","2,300,000.00",NO,N/A,"Planeación Municipal 
Contacto: 321-5263304"
80101700,"ESTUDIOS Y DISEÑOS PARA EL CAMBIO DE LA RED ELECTRICA INTERNA DE LA INSTITUCIÓN EDUCATIVA INCODELCA SEDE PRINCIPAL, MUNICIPIO DE CORINTO, DEPARTAMENTO DEL CAUCA",05/01/2018,210,Contratación Mínima Cuantía,Recursos Propios,"9,900,000.00","9,900,000.00",NO,N/A,"Planeación Municipal 
Contacto: 321-5263304"
49161500,"CONTRATAR EL SUMINISTRO DE IMPLEMENTOS DEPORTIVOS PARA LOS EQUIPOS DE LAS DIFERENTES INSTITUCIONES EDUCATIVAS DEL MUNICIPIO DE CORINTO CAUCA, PARTICIPANTES EN LOS JUEGOS SUPERATE INTERCOLEGIADOS.",05/01/2018,210,Contratación Mínima Cuantía,Recursos Propios,"5,850,844.00","5,850,844.00",NO,N/A,"Planeación Municipal 
Contacto: 321-5263304"
15121800,"SERVICIO DE REPARACIÒN Y MANTENIMIENTO CORRECTIVO DE LAS MOTOCICLETAS CON PLACAS JAL96E- JAL97E, A CARGO DE LA SECRETARIA DE SALUD, PROGRAMA CENTRO DÌA, DEL MUNICIPIO DE CORINTO, CAUCA.",05/01/2018,210,Contratación Mínima Cuantía,Recursos Propios,"2,792,200.00","2,792,200.00",NO,N/A,Secretarío de Obras Públicas Contacto: 311 6721899
45111700,ALQUILER DE EQUIPO DE SONIDO PARA AMPLIFICACION LA REALIZACION DE LAS FERIAS Y FIESTAS POR LA PAZ Y LA RECONCILIACIÓN DEL MUNICIPIO DE CORINTO CAUCA.,05/01/2018,210,Contratación Mínima Cuantía,Recursos Propios,"8,000,000.00","8,000,000.00",NO,N/A,"Planeación Municipal 
Contacto: 321-5263304"
90101600,"CONTRATAR UNA PERSONA NATURAL O JURÍDICA QUE ESTE EN CAPACIDAD PARA LA PREPARACIÓN, REALIZACIÓN, ORGANIZACIÓN Y LOGÍSTICA DE LAS ACTIVIDADES CULTURALES DE LAS FERIAS Y FIESTAS POR LA PAZ Y LA RECONCILIACIÓN DEL MUNICIPIO DE CORINTO CAUCA",05/01/2018,210,Contratación Mínima Cuantía,Recursos Propios,"18,400,000.00","18,400,000.00",NO,N/A,"Planeación Municipal 
Contacto: 321-5263304"
72121400,"CONSTRUCCION BATERIA SANITARIA INSTITUCIÓN EDUCATIVA CARMENCITA CARDONA, SEDE LUIS ROSENDO LOPEZ, MUNICIPIO DE CORINTO, DEPARTAMENTO DEL CAUCA",05/01/2018,210,Selección Abreviada,Recursos Propios,"69,592,039.00","69,592,039.00",NO,N/A,Secretarío de Obras Públicas Contacto: 311 6721899
72101504,ELABORA DESARR Y ACTUALIZ DE PLANES DE EMERGENCIA Y CONTINGENCIA                                                                                                                                                                                                                                                                                                                                                                                                                                                    ,03/01/2018,300,Concurso de Méritos,Recursos Propios,"10,000,000.00","8,000,000.00",NO,N/A,"Planeación Municipal 
Contacto: 321-5263304"
72101504,ADQUISICION DE INSUMOS SUMINISTROS Y DOTACION                                                                                                                                                                                                                                                                                                                                                                                                                                                                       ,03/01/2018,300,Contratación Mínima Cuantía,Recursos Propios,"20,000,000.00","16,000,000.00",NO,N/A,"Planeación Municipal 
Contacto: 321-5263304"
93130000,ACCIONES HUMANITARIAS                                                                                                                                                                                                                                                                                                                                                                                                                                                                                               ,03/01/2018,300,Contratación Mínima Cuantía,Recursos Propios,"10,000,000.00","8,000,000.00",NO,N/A,"Planeación Municipal 
Contacto: 321-5263304"
93131500       93131600     93131700      93131800,ATENCI¾N Y APOYO A LOS GRUPOS AFROCOLOMBIANOS                                                                                                                                                                                                                                                                                                                                                                                                                                                                       ,03/01/2018,300,Contratación Mínima Cuantía,Recursos Propios,"10,000,000.00","8,000,000.00",NO,N/A,"Planeación Municipal 
Contacto: 321-5263304"
70111713,MEJO Y MANT DE PLAZAS DE MERC MATA CEMENT PARQUES ANDENES Y MOBILIARIOS DEL ESPACIO P·BLICO                                                                                                                                                                                                                                                                                                                                                                                                                         ,03/01/2018,300,Contratación Mínima Cuantía,Recursos Propios,"60,000,000.00","48,000,000.00",NO,N/A,Secretarío de Obras Públicas Contacto: 311 6721899
70111713,MEJO Y MANT DE PLAZAS DE MERC MATA CEMENT PARQUES ANDENES Y MOBILIARIOS DEL ESPACIO P·BLICO                                                                                                                                                                                                                                                                                                                                                                                                                         ,03/01/2018,300,Contratación Mínima Cuantía,Recursos Propios,"30,000,000.00","24,000,000.00",NO,N/A,Secretarío de Obras Públicas Contacto: 311 6721899
93142005,INSTALACION DE ALUMBRADO NAVIDEÑO,11/01/2018,30,Contratación Mínima Cuantía,Recursos Propios,"20,000,000.00","20,000,000.00",NO,N/A,"Planeación Municipal 
Contacto: 321-5263304"
80111600,INTEGRACIÓN DE FUNCIONARIOS DE LA ADMINISTRACIÓN MUNICIPAL,12/01/2018,1,Contratación Mínima Cuantía,Recursos Propios,"12,000,000.00","12,000,000.00",NO,N/A,"Secretaría de Gobierno 
Contacto: 3165227352"
70111713,PROG DE CAPACITAC. ASESORÝA Y AS. TÚC. XA CONSOLIDAR PROC. DE PART. CIUDADANA                                                                                                                                                                                                                                                                                                                                                                                                                                       ,03/01/2018,300,Concurso de Méritos,Recursos Propios,"10,000,000.00","8,000,000.00",NO,N/A,"Planeación Municipal 
Contacto: 321-5263304"
86101705,PROG. DE CAPACIT. Y ASIS. TÚCNICA ORIENTADOS AL DES. EFICIENTE DE LAS COMP. DE LEY                                                                                                                                                                                                                                                                                                                                                                                                                                  ,03/01/2018,300,Concurso de Méritos,Recursos Propios,"10,000,000.00","8,000,000.00",NO,N/A,"Planeación Municipal 
Contacto: 321-5263304"
43232400,ELABO ACTUA EVALU Y SEGU DEL PLAN DE DESARROLLO                                                                                                                                                                                                                                                                                                                                                                                                                                                                     ,03/01/2018,300,Contratación Mínima Cuantía,Recursos Propios,"40,000,000.00","32,000,000.00",NO,N/A,"Planeación Municipal 
Contacto: 321-5263304"
92101701,RECONSTRUCCI¾N DE CUARTELES Y DE OTRAS INSTALACIONES                                                                                                                                                                                                                                                                                                                                                                                                                                                                ,03/01/2018,300,Contratación Mínima Cuantía,Recursos Propios,"5,000,000.00","4,000,000.00",NO,N/A,Secretarío de Obras Públicas Contacto: 311 6721899
92101701,FORTALECIMIENTO AL SISTEMA DE SALUD DEL MUNICIPIO DE CORINTO CAUCA.,03/01/2018,300,Contratación Mínima Cuantía,Recursos Propios,"12,278,610,199.00","4,000,000.00",NO,N/A,"Secretaría de Salud 
Contacto: 3122703548"
